{"data": [{"Absolute Magnitude": 21.6, "Est Dia in KM(min)": 0.1272198785, "Epoch Date Close Approach": 788947200000.0, "Relative Velocity km per sec": 6.1158343887, "Miss Dist_(kilometers)": 62753692.0, "Orbit ID": 17.0, "Orbit Uncertainity": 5.0, "Minimum Orbit Intersection": 0.025281900000000003, "Jupiter Tisserand Invariant": 4.6339999999999995, "Epoch Osculation": 2458000.5, "Eccentricity": 0.4255490832802685, "Semi Major Axis": 1.4070113027129758, "Inclination": 6.025981287138329, "Asc Node Longitude": 314.37391341340765, "Orbital Period": 609.599786407648, "Perihelion Distance": 0.8082589326784929, "Perihelion Arg": 57.25746987539545, "Aphelion Dist": 2.005763672747459, "Perihelion Time": 2458161.6417204863, "Mean Anomaly": 264.8375332988031, "Mean Motion": 0.5905513880204395}]}